Zyxin,"PRG1 Proteoglycan 1, secretory granule",CD33 CD33 antigen (differentiation antigen),DF D component of complement (adipsin),RNS2 Ribonuclease 2 (eosinophil-derived neurotoxin; EDN),CST3 Cystatin C (amyloid angiopathy and cerebral hemorrhage),APLP2 Amyloid beta (A4) precursor-like protein 2,"GLUTATHIONE S-TRANSFERASE, MICROSOMAL",CTSD Cathepsin D (lysosomal aspartyl protease),ATP6C Vacuolar H+ ATPase proton channel subunit,PROTEASOME IOTA CHAIN,LYN V-yes-1 Yamaguchi sarcoma viral related oncogene homolog,PPGB Protective protein for beta-galactosidase (galactosialidosis),HKR-T1,SPI1 Spleen focus forming virus (SFFV) proviral integration oncogene spi1,LYZ Lysozyme1,Lysozyme gene (EC 3.2.1.17),LYZ Lysozyme2,FAH Fumarylacetoacetate,RABAPTIN-5 protein,Leukotriene C4 synthase (LTC4S) gene,MYL1 Myosin light chain (alkali),ALDOA Aldolase A,"ARHG Ras homolog gene family, member G (rho G)",Liver mRNA for interferon-gamma inducing factor(IGIF),TCF3 Transcription factor 3 (E2A immunoglobulin enhancer binding factors E12/E47)1,MPO Myeloperoxidase,MB-1 gene,"FTL Ferritin, light polypeptide",Azurocidin gene,TIMP2 Tissue inhibitor of metalloproteinase 2,Nucleoside-diphosphate kinase,Macmarcks,ALDR1 Aldehyde reductase 1 (low Km aldose reductase),ME491  gene extracted from H.sapiens gene for Me491/CD63 antigen,GPX1 Glutathione peroxidase 1,LAMP2 Lysosome-associated membrane protein 2 {alternative products},"C-myb gene extracted from Human (c-myb) gene, complete primary cds, and five complete alternatively spliced cds","Quiescin (Q6) mRNA, partial cds",SELL Leukocyte adhesion protein beta subunit1,CCND3 Cyclin D3,TCF3 Transcription factor 3 (E2A immunoglobulin enhancer binding factors E12/E47)2,"KAI1 Kangai 1 (suppression of tumorigenicity 6, prostate; CD82 antigen (R2 leukocyte antigen, antigen detected by monoclonal and antibody IA4))","ITGAX Integrin, alpha X (antigen CD11C (p150), alpha polypeptide)","PFC Properdin P factor, complement",PROBABLE G PROTEIN-COUPLED RECEPTOR LCR1 HOMOLOG,Transcriptional activator hSNF2b1,INTERLEUKIN-8 PRECURSOR,Oncoprotein 18 (Op18) gene,"Clone 22 mRNA, alternative splice variant alpha-1",CYSTATIN A,14-3-3 PROTEIN TAU,Hunc18b2,PTH2 parathyroid hormone receptor mRNA,MSH2 DNA repair protein MSH2,MANB Mannosidase alpha-B (lysosomal),KIAA0022 gene,"SPTAN1 Spectrin, alpha, non-erythrocytic 1 (alpha-fodrin)",VIL2 Villin 2 (ezrin),ALDH7 Aldehyde dehydrogenase 7,"ZNF91 Zinc finger protein 91 (HPF7, HTF10)",Keratin 10 type I intermediate filament (KRT10) mRNA,"GB DEF = Topoisomerase type II (Topo II) mRNA, partial cds",INTERFERON GAMMA UP-REGULATED I-5111 PROTEIN PRECURSOR,CDC10 Cell division cycle 10 (homologous to CDC10 of S. cerevisiae,26-kDa cell surface protein TAPA-1 mRNA,TOP2B Topoisomerase (DNA) II beta (180kD),SMT3B protein,"Calcineurin A catalytic subunit [human, testis, mRNA, 2134 nt]","PRKCD Protein kinase C, delta",Inducible protein mRNA,"GTF2E2 General transcription factor TFIIE beta subunit, 34 kD",NADH:ubiquinone oxidoreductase subunit B13 (B13) mRNA,Thymopoietin beta mRNA,"TCF12 Transcription factor 12 (HTF4, helix-loop-helix transcription factors 4)",LEUKOCYTE ELASTASE INHIBITOR,GRN Granulin,CRYZ Crystallin zeta (quinone reductase),PERIPHERAL-TYPE BENZODIAZEPINE RECEPTOR,PCBD 6-pyruvoyl-tetrahydropterin synthase/dimerization cofactor of hepatocyte nuclear factor 1 alpha (TCF1),"Heat Shock Protein, 70 Kda (Gb:Y00371)",ERC-55 mRNA,Terminal transferase mRNA,PLECKSTRIN,"RHD Rhesus blood group, D antigen",Transcriptional activator hSNF2b2,"CHRNA7 Cholinergic receptor, nicotinic, alpha polypeptide 7","GB DEF = Retinoblastoma susceptibility protein (RB1) gene, with a 3 bp deletion in exon 22 (L11910 bases 161855-162161)",IL7R Interleukin 7 receptor,PHOSPHATIDYLINOSITOL,PGD Phosphogluconate dehydrogenase,GB DEF = GTP-binding protein (RAB3B) mRNA,CAB3b mRNA for calcium channel beta3 subunit,"CD36 CD36 antigen (collagen type I receptor, thrombospondin receptor)","KIAA0128 gene, partial cds",SELL Leukocyte adhesion protein beta subunit2,Nuclear Factor Nf-Il6,Phosphotyrosine independent ligand p62 for the Lck SH2 domain mRNA,AKT1 V-akt murine thymoma viral oncogene homolog 1,LRPAP1 Low density lipoprotein-related protein-associated protein 1 (alpha-2-macroglobulin receptor-associated protein 1,SNRPN Small nuclear ribonucleoprotein polypeptide N,Amyloid precursor protein-binding protein 1 mRNA,DCK Deoxycytidine kinase,ADPRT ADP-ribosyltransferase (NAD+; poly (ADP-ribose) polymerase),GB DEF = P85 beta subunit of phosphatidyl-inositol-3-kinase,Clone 23721 mRNA sequence,Thymopoietin (TMPO) gene,GB DEF = DNA for cellular retinol binding protein (CRBP) exons 3 and 4,"ACADM Acyl-Coenzyme A dehydrogenase, C-4 to C-12 straight chain",LMNA Lamin A,"LMP2 gene extracted from H.sapiens genes TAP1, TAP2, LMP2, LMP7 and DOB","SERINE/THREONINE PROTEIN PHOSPHATASE 2B CATALYTIC SUBUNIT, BETA ISOFORM",GB DEF = Homeodomain protein HoxA9 mRNA,CSF3R Colony stimulating factor 3 receptor (granulocyte),Hepatocyte growth factor-like protein gene,Tetracycline transporter-like protein mRNA,"Putative enterocyte differentiation promoting factor mRNA, partial cds","PI Protease inhibitor 1 (anti-elastase), alpha-1-antitrypsin",Epb72 gene exon 1,Interleukin 8 (IL8) gene,GB DEF = Myosin-IE,Activin type II receptor,Skeletal muscle LIM-protein SLIM1 mRNA,TALDO Transaldolase,Transmembrane protein,HMG1 High-mobility group (nonhistone chromosomal) protein 1,OS-9 precurosor mRNA,Small GTP-binding protein mRNA,"P4HB Procollagen-proline, 2-oxoglutarate 4-dioxygenase (proline 4-hydroxylase), beta polypeptide (protein disulfide isomerase; thyroid hormone binding protein p55)",GLRX Glutaredoxin (thioltransferase),Metargidin precursor mRNA,BB1,HPrp18 mRNA,Heterochromatin protein HP1Hs-gamma mRNA,FES Feline sarcoma (Snyder-Theilen) viral (v-fes)/Fujinami avian sarcoma (PRCII) viral (v-fps) oncogene homolog,IGB Immunoglobulin-associated beta (B29),KIAA0212 gene,Uridine phosphorylase,THYMOSIN BETA-10,MHC class I-related protein mRNA,TFIID subunit TAFII55 (TAFII55) mRNA,RNH Ribonuclease/angiogenin inhibitor,"MPO from  Human myeloperoxidase gene, exons 1-4./ntype=DNA /annot=exon",Very-long-chain acyl-CoA dehydrogenase (VLCAD),Low-Mr GTP-binding protein (RAB31) mRNA,"KIAA0184 gene, partial cds",OBF-1 mRNA for octamer binding factor 1,LPAP gene,HOXB3 Homeo box B3,ALCAM Activated leucocyte cell adhesion molecule,leukemia_type
-8,69,2323,1656,575,-958,1524,795,480,952,-13,8231,124,4346,2150,1166,508,325,958,1057,1361,103,180,2044,4157,233,990,2466,-161,797,292,162,158,327,723,94,103,393,190,1735,509,767,245,785,180,823,2018,363,405,2117,468,822,1298,223,172,1048,54,-167,-258,273,181,3863,337,307,1595,-60,160,3282,427,1311,-10,1173,193,524,83,31,358,141,460,571,-208,394,967,8444,5565,1569,3586,635,497,5056,812,3989,610,21,-471,-22,90,759,2689,161,36,3828,333,1582,9144,-70,695,1114,1853,4778,196,-4,3105,-2,7546,631,1999,3767,554,398,782,5418,9326,56,1320,75,242,1930,601,1124,517,654,921,557,382,-267,268,330,365,3016,835,1410,44,1284,303,174,-283,261,177,298,ALL
76,17,1238,-10,1169,-429,1980,833,678,388,0,10026,520,2554,-512,397,545,399,926,785,237,488,206,2317,11557,486,2605,119,-197,727,2062,169,1187,516,995,-130,-84,118,83,1097,393,814,80,167,186,779,650,156,490,4069,1121,988,1379,1074,1568,1550,209,88,-302,289,91,511,131,186,822,39,204,1627,306,1696,-13,1948,31,1074,921,137,82,84,151,2893,334,194,1031,1920,5318,2501,4802,165,491,3888,311,2774,927,82,162,-12,65,1656,3072,588,58,3021,5345,624,4090,364,812,1238,1126,2700,2120,1134,1118,100,9601,739,1092,2890,1555,908,368,17348,895,-29,898,129,667,4851,435,1062,351,1283,4101,2716,3606,421,346,811,624,3424,3072,2325,146,540,1358,309,-65,101,3460,307,ALL
184,333,1982,-91,545,-645,2311,1391,540,559,-147,13498,232,1855,-1046,709,736,421,812,1147,1240,-10,106,2255,12125,234,1794,550,-31,643,-25,-18,339,338,-203,118,-302,667,125,1260,837,1547,263,839,330,1146,573,339,690,3726,595,886,1496,148,319,1521,128,108,-358,164,167,1952,529,282,1452,-72,51,2783,242,1624,58,1048,198,485,58,263,263,98,230,2723,-386,261,1429,3118,2584,2200,5153,140,549,3584,1170,3694,1697,-18,-375,62,157,1130,4174,207,63,7247,301,753,3192,-208,810,1176,1555,4926,967,232,4543,-5,2918,106,2106,5996,1052,906,1268,6156,628,-109,597,44,419,3097,547,1398,214,1286,2799,1716,2997,-1046,804,212,108,7724,609,2789,110,236,254,226,-395,309,416,309,ALL
71,121,3947,166,716,-795,2408,996,538,626,-134,6678,21,912,1624,969,442,296,907,1210,992,-66,165,1753,8484,62,2016,1289,-346,813,-2,199,353,285,704,-7,-137,410,219,982,345,831,37,584,165,759,2291,261,335,1154,527,650,1401,-53,238,369,109,14,-546,483,144,6127,422,467,654,-49,239,1544,262,2585,-9,763,91,370,483,379,218,5,314,731,366,297,920,4261,11689,1354,3301,380,418,2355,952,3637,425,114,-542,-91,11,1062,1894,82,38,3780,241,743,4750,34,599,1685,1674,5403,173,55,5467,-27,9491,352,1159,2810,696,763,882,7070,5314,-62,1644,218,-100,3499,472,942,432,915,1166,1143,1331,5,452,584,873,3821,935,1132,86,786,-304,151,-367,288,392,693,ALL
111,95,3324,405,1211,-237,1671,678,588,776,105,8644,216,1019,2986,1196,693,406,1447,594,1233,1106,295,2590,9575,212,1912,1098,-205,613,138,334,508,782,1142,28,137,119,473,1097,500,1423,129,504,500,760,2796,557,574,1209,1125,551,1894,353,1081,554,34,-3,-137,914,306,2547,354,146,1011,-12,360,1896,366,3211,125,2197,194,1242,1385,302,186,238,632,649,408,344,1299,3425,10308,1513,4524,366,584,1252,577,3245,529,128,24,228,50,822,4091,337,120,3563,93,626,7453,218,282,1502,1161,3440,802,1093,3469,51,10367,2028,1847,2206,755,201,949,9017,5354,938,1322,110,918,6697,661,928,596,732,3250,2917,3069,484,476,1018,686,5216,1665,1269,104,968,-86,672,290,395,7972,713,ALL
117,257,1710,-14,444,-663,2562,851,423,24,-62,8309,-140,1184,-508,890,496,256,677,1219,401,120,145,1696,5315,135,1068,570,161,499,23,117,823,298,-17,-208,-229,147,56,1134,730,430,120,588,133,752,405,174,378,2197,538,864,528,421,1036,841,122,160,-529,376,33,1804,327,26,1584,-16,-56,2372,81,874,53,179,96,736,-3,122,209,32,181,1858,200,76,1248,1790,2647,876,3378,160,553,1954,368,2272,1682,58,-216,-26,23,1020,2133,200,92,4890,215,1157,1897,401,711,691,1321,3179,1984,-56,3309,-19,2263,17,1397,3881,1033,620,910,6221,282,88,787,33,321,3703,337,842,220,691,3126,3300,2850,-743,256,206,302,4194,499,1854,10,368,1168,353,-40,58,597,247,ALL
115,440,1488,-11,258,-623,2387,1033,567,339,60,4824,-151,873,1198,1285,161,194,951,1290,821,1,21,1792,6270,139,1021,315,-463,904,107,378,70,230,566,-52,-263,735,117,851,608,764,184,367,184,868,1829,131,362,13,554,977,1747,102,186,561,35,45,-510,184,152,1129,354,275,578,115,85,613,179,1308,258,1829,178,811,488,356,144,-1,213,280,381,169,702,3810,9428,645,2629,255,334,1557,1305,3321,386,84,-362,0,80,1068,1545,55,16,3330,159,552,7593,255,556,1278,1560,3978,221,272,3936,-21,9863,245,1265,3723,322,672,826,4746,5146,-78,946,115,-220,4879,309,1066,196,853,1053,830,1201,-189,208,655,325,5528,764,2735,105,344,-233,114,-366,84,403,52,ALL
-46,131,2215,524,593,-733,1271,914,532,602,-155,5033,145,2118,1797,1712,260,281,967,1394,1012,-46,146,2544,4566,232,1187,653,100,667,-19,571,476,266,506,-178,-446,248,-119,1160,518,752,236,452,241,1133,2497,176,248,1479,608,425,1514,28,40,403,47,-17,-412,232,116,1412,232,535,1024,61,61,4066,295,727,56,253,112,371,-142,244,167,71,227,1716,-215,221,818,6153,4742,964,2287,584,190,5202,716,4253,629,107,-70,-140,89,1455,2012,121,169,4213,455,572,13214,-100,1281,1545,1841,3293,130,376,4745,116,5886,281,1404,4072,1130,1478,1302,7881,4048,-257,1917,32,-215,1361,263,1668,436,1238,1751,1683,1947,-247,310,-187,244,2073,1323,1962,104,-196,-247,122,-656,251,140,-215,ALL
106,-111,3420,-4,790,-663,3298,802,641,483,-219,13655,99,3045,-597,997,944,397,1052,1247,929,2728,195,3485,10061,349,2680,2438,-215,616,104,-8,691,466,515,82,-235,258,137,663,907,1777,200,1046,414,731,1204,423,857,4040,1082,858,803,272,2414,1753,142,620,-339,890,57,5817,568,269,1297,14,101,1391,320,3006,-15,246,198,1002,1240,698,385,90,362,2388,-322,263,1509,3303,5522,2692,4423,227,1089,3421,770,8351,2760,0,-445,277,68,1099,5840,127,43,7230,445,1776,2551,521,746,1166,1108,7324,1709,100,4081,88,5919,621,1637,7439,2042,1184,1337,9431,423,-35,1440,9,691,8382,978,966,513,822,2343,1965,2629,-548,640,1176,273,7782,1741,2900,103,310,336,48,-231,155,848,-223,ALL
111,163,723,-26,243,-367,2396,829,632,450,97,8147,265,2118,-521,372,568,248,1250,798,330,458,86,1374,7194,193,1305,928,-73,190,-35,176,306,280,-26,205,67,409,10,916,973,426,120,400,62,653,324,186,386,1996,409,910,1939,367,872,791,78,44,-233,487,36,769,19,223,971,35,68,972,186,3219,61,414,9,711,254,-73,146,62,47,913,36,109,1128,1329,3093,1003,4220,57,432,1287,413,4430,1722,1,-490,22,39,1164,3042,272,-18,5052,522,756,1983,-169,513,402,1262,2676,414,194,1658,38,3387,381,1465,4791,1355,1142,82,5092,585,392,442,54,320,8790,752,1175,114,885,1502,1781,2148,-408,152,100,144,5204,1188,1855,64,260,498,282,-36,167,1094,492,ALL
129,117,703,66,1112,-523,1589,761,828,488,61,7035,-55,2520,-565,475,616,364,872,885,512,2261,274,2048,7021,159,1060,1130,-68,282,189,139,82,155,372,-121,-99,306,-69,130,478,472,73,386,311,607,264,246,775,2660,633,557,587,88,217,986,108,163,-259,942,144,1704,7,203,1913,-103,62,780,351,2168,14,233,36,366,851,242,89,54,225,2147,-163,213,1320,2525,4194,1082,3408,121,810,3894,333,7186,1587,-1,-145,52,28,662,4144,37,26,3352,1278,1972,3680,-276,461,1044,1065,6134,272,29,2853,65,2128,373,1061,4406,1264,615,737,6027,147,16,617,38,140,4987,897,626,492,680,964,833,969,-504,441,164,34,6541,1870,1471,93,210,-376,215,-152,140,1343,-25,ALL
10,219,672,44,296,-119,1122,617,291,326,-142,3449,478,970,676,912,232,155,1093,925,90,517,278,873,4036,456,2073,560,-185,602,1855,530,132,140,878,68,204,15,-10,725,238,76,91,136,40,617,472,47,149,776,633,490,1347,426,51,257,11,-89,-264,538,76,363,-27,142,329,5,474,2433,123,590,103,411,-22,362,712,58,37,63,43,140,448,122,671,1277,4101,612,2021,81,215,747,435,2951,169,99,-235,-25,93,753,1521,306,-81,2290,3684,219,5705,252,494,257,661,2056,-99,646,551,63,7797,626,625,1379,300,889,1296,15280,2504,1452,474,7,879,5472,334,747,119,412,2599,4009,3939,-159,90,446,399,846,1030,1763,33,146,107,135,41,287,5252,408,ALL
40,38,3260,530,1481,-294,1947,518,396,1370,40,8020,124,4856,2827,540,466,537,1075,800,827,834,51,1791,12920,533,1651,2384,-173,324,3,182,138,660,798,80,320,87,491,2575,124,920,256,600,439,601,1591,703,518,1561,991,768,1489,220,691,886,4,0,-137,523,214,1515,207,114,1593,-43,292,9811,218,2607,17,717,170,973,409,206,283,112,495,556,-102,586,1097,6216,7747,1746,5470,232,644,3844,1299,4956,719,31,-58,213,53,728,3147,44,123,4751,116,1322,13883,4,315,1054,1291,10669,660,711,4746,104,14517,712,1910,6964,540,875,160,6183,5075,22,1969,103,200,5597,668,706,393,548,123,93,210,495,545,196,281,7743,1482,786,61,825,-97,111,-104,152,2408,724,ALL
-3,294,5964,0,623,-787,1641,557,834,385,-2,4893,232,571,-472,608,593,273,553,801,679,301,282,1909,6555,374,2133,207,-119,1628,9,452,720,513,699,89,-89,188,100,1776,370,606,144,210,283,576,999,475,631,1868,623,864,1784,213,2555,837,108,-157,-328,644,136,3854,290,196,1011,43,34,257,217,1674,138,1022,188,878,88,221,179,19,442,1483,153,148,976,3382,3076,1714,3623,116,453,3367,548,1806,859,71,-405,127,74,918,3041,328,89,2346,94,732,851,493,1030,1220,758,1912,2327,355,1534,0,3531,800,1250,2056,145,453,838,13077,155,93,686,72,946,4222,265,864,416,1157,3264,3576,3633,-298,570,1216,589,1756,892,2337,986,513,820,236,-140,145,2525,360,ALL
103,-46,6147,443,1366,-387,1525,444,491,1236,139,10267,108,927,2748,948,673,366,1057,678,1426,602,236,1843,11506,452,1829,2241,-16,653,91,304,277,695,1179,132,-55,99,457,3898,259,1417,59,744,419,652,2352,365,475,1648,1079,599,2286,130,1805,528,-46,83,-190,999,303,4436,513,110,1763,-42,153,6270,315,2249,-48,2320,217,933,789,276,314,62,522,1505,195,426,1360,5831,10614,1678,7313,582,925,2333,527,4438,661,46,106,238,50,943,2927,128,268,3347,29,1636,8568,114,333,2117,1634,9211,983,745,5311,50,12831,704,2073,3688,1130,751,520,8506,5767,333,2572,158,408,8104,898,515,651,387,434,637,735,818,571,664,854,7288,1306,2035,46,440,76,159,-198,81,2133,938,ALL
32,126,3774,1016,644,-591,1551,1410,653,742,-11,11553,53,3013,2335,831,636,348,871,933,1578,228,219,1748,11089,188,1358,1124,-259,460,73,540,181,418,172,209,-87,67,196,1441,640,869,122,308,342,746,2576,518,628,1715,651,563,944,30,801,675,58,94,-182,302,80,2206,190,336,2065,-1,86,6845,239,2164,2,734,240,467,367,461,106,108,467,904,9,210,806,5617,6737,1430,3746,227,636,2999,569,2005,1034,-27,-266,100,24,644,3088,133,171,3207,38,2076,5256,-91,426,1571,1598,3345,248,393,4326,65,9546,537,2039,2976,45,192,478,3720,3649,3562,1439,28,-14,5847,666,825,278,707,975,635,637,-311,235,295,289,6084,593,1910,30,94,36,281,-102,202,1232,848,ALL
260,16,3511,-161,1558,-1529,2602,1894,892,786,-236,4551,235,2592,-660,867,1041,413,5157,1582,660,597,385,4496,13775,121,4200,434,-511,1551,17,1263,350,812,1313,337,600,-226,166,1456,460,2031,578,883,477,1149,1875,727,573,1949,2028,790,1888,323,2377,1416,171,-102,-80,1055,204,754,214,199,1778,-62,1136,1234,403,2083,278,942,254,1647,3786,387,335,17,485,643,192,91,1150,3714,4371,1816,5103,245,799,3260,379,3782,447,586,-203,204,86,2703,4061,71,53,6633,282,917,3574,78,588,2482,1124,2360,4348,590,7155,336,17799,648,775,3182,2084,852,7,12676,218,1441,989,117,2127,8693,374,1837,623,1822,1133,817,973,400,352,1080,534,2455,2376,4215,3107,3755,375,811,-158,286,1150,926,ALL
153,165,1654,1110,524,43,1397,510,450,279,-128,5135,20,1641,800,498,295,109,581,825,541,498,226,1164,4845,233,1406,146,-200,250,41,203,141,239,552,-99,-11,102,114,1605,1096,954,264,299,161,537,2150,136,273,942,505,319,2111,-38,352,368,62,210,-204,368,79,27,5,180,764,-21,4,-135,105,688,81,528,32,1017,225,-5,119,19,472,669,-182,118,729,1616,3990,870,1752,4,332,591,625,3429,252,28,-38,66,127,916,1641,-7,-5,2143,136,453,952,-163,666,608,1449,1316,549,932,1178,87,5039,345,1221,2209,547,59,-144,9783,3339,184,1186,99,463,8516,516,883,198,738,1261,1631,1263,-445,-65,327,540,1273,542,711,85,173,22,124,-76,141,1232,390,ALL
25,301,2352,962,861,3,1536,767,658,625,-107,5426,150,5276,1869,519,409,217,894,747,1225,301,46,1102,8499,129,1084,1354,-208,387,16,1074,197,273,410,-134,56,432,257,2043,431,532,62,263,169,581,1338,374,540,657,358,568,1983,102,51,956,237,-65,-312,76,94,473,45,219,1448,48,141,7686,312,1878,10,66,200,366,413,180,91,191,156,1137,-114,241,749,4692,4553,1020,4003,225,205,1836,230,2568,1041,12,-129,-15,18,677,1880,69,86,2291,-53,1660,10643,-196,250,513,517,2492,-12,1100,3427,-1,11235,364,961,2580,825,520,45,4453,2696,478,1224,101,-23,5471,473,1309,251,907,758,846,694,-267,84,228,44,6482,809,1346,2,265,-180,130,-108,155,1519,615,ALL
64,22,4281,1501,3117,-660,2503,1032,1356,1958,-160,14383,-216,5344,6169,911,1203,735,1868,853,3081,977,246,4493,13830,393,2853,606,-195,427,242,1071,111,1392,2225,351,-149,359,478,2674,343,3192,418,343,811,714,4443,894,1254,3916,1239,1435,2731,1070,109,1343,230,341,-198,600,192,4409,312,158,2191,85,109,10926,344,3497,1,895,338,947,337,1477,268,167,629,3810,-52,454,1656,11241,12747,2355,8242,402,1200,6103,462,4760,1717,87,55,238,70,1251,4740,-9,267,5933,119,2174,15357,-345,284,2628,1731,6464,17,1950,6870,104,12049,1029,2536,10857,1806,524,-862,13988,8148,379,4555,22,-57,9718,1487,817,847,860,1057,883,888,233,867,1475,616,7629,2475,2273,78,897,205,194,-58,180,180,827,ALL
86,172,-88,247,1188,-116,755,143,291,823,103,1821,161,2076,-268,286,769,446,684,359,1620,1023,453,1153,16492,529,1684,1156,-39,61,184,675,61,530,1121,-207,-102,149,167,482,62,896,33,302,263,183,1040,314,1642,6050,1295,106,1962,199,273,1064,61,-32,-183,-47,-21,1536,37,204,768,-23,57,1830,522,2516,-6,218,119,203,198,207,8,162,256,1631,-131,221,399,9114,11199,2068,1544,-32,1447,5118,296,2264,604,-28,-32,282,31,138,4687,126,206,2306,118,3707,7292,82,137,916,1218,524,26,301,9177,117,1387,748,1357,1535,149,884,343,2900,2805,-64,2707,48,-189,1676,688,383,689,92,448,560,447,-233,323,449,447,5746,1514,545,41,347,-124,34,-151,139,1912,68,ALL
90,30,1075,62,513,-427,680,632,247,511,-48,5089,210,1741,397,614,105,245,623,754,532,81,205,1879,9604,311,343,214,-261,564,155,177,139,158,976,-134,-107,160,-99,294,396,70,145,176,69,601,1191,149,264,1361,844,553,1739,-171,69,249,27,-153,-268,70,18,678,184,243,1323,60,88,219,79,275,60,155,7,717,47,-156,30,82,104,857,172,168,340,2572,7910,810,1743,78,559,1540,473,11801,304,19,-351,-102,71,1557,1667,43,-23,2131,206,295,10404,-175,401,757,944,3253,37,1022,4836,-14,1726,549,635,4624,134,741,678,6074,5397,51,274,74,-103,1333,143,825,290,686,993,886,527,-370,241,130,239,699,1977,949,-37,258,-102,139,-243,124,354,122,ALL
45,161,834,-123,465,-653,1922,689,368,615,89,6288,127,1341,-518,106,592,328,530,1090,303,24,182,1265,5479,245,936,374,-144,398,148,417,75,307,-41,-429,-176,366,43,359,509,321,22,642,98,571,579,121,533,1223,469,533,585,117,283,412,53,-134,-283,-102,94,2103,93,260,1992,47,30,807,134,1405,157,-58,85,509,-93,32,334,20,172,813,186,151,860,1601,4316,1231,2669,39,336,2735,245,1480,397,47,-454,-119,72,750,2226,77,-87,4677,146,1377,2540,121,613,693,1253,3796,319,94,3085,68,1877,85,1453,3710,830,351,1177,3729,870,-36,590,43,-7,1994,376,731,199,803,1782,1525,1820,-896,493,131,9,2443,672,1297,53,311,425,22,-275,108,178,-108,ALL
135,290,1826,117,1058,-476,1418,944,926,650,33,7361,188,932,1652,1063,543,388,1333,909,1463,495,601,1898,12848,106,1612,1432,-172,929,-146,300,339,481,1002,-164,-130,770,410,1189,306,992,271,376,324,627,2741,412,650,2207,706,870,1571,-132,361,554,11,-47,-169,539,154,1478,424,179,1210,-44,97,1628,430,2366,0,1603,191,624,908,667,204,196,494,899,177,486,1077,6110,14682,2040,4011,474,385,3159,740,4330,642,151,-122,114,312,814,2657,177,135,3182,185,1456,4516,-183,513,2224,1381,4093,288,345,5815,25,9198,773,1475,5079,785,712,734,6023,5955,59,1823,168,445,3317,531,899,569,803,39,108,71,604,502,534,515,3840,1235,1343,64,593,-205,292,-263,102,1687,222,ALL
19,301,1168,349,397,-151,1429,949,447,560,-6,5669,117,2274,727,930,220,258,1070,842,416,-15,333,1578,5613,275,1926,442,-200,562,4271,559,97,263,830,147,1084,267,77,614,385,363,155,242,135,725,569,281,178,1304,568,582,1395,395,69,401,183,-122,-219,601,28,5653,77,202,738,103,610,2790,231,2009,49,326,14,623,366,-40,81,58,162,223,209,303,690,2242,3233,616,4293,177,415,1514,700,2358,295,-12,-279,4,83,667,1685,17,-35,2910,9270,404,10295,-49,439,580,1457,1689,-28,986,1872,35,8572,245,1135,2302,541,272,502,13278,5070,135,553,9,140,3635,481,1171,292,842,160,512,515,-138,301,271,50,3878,933,1371,83,104,-229,132,-203,203,3711,700,ALL
91,139,4314,1529,461,-497,1142,602,237,572,-43,8519,113,3045,3837,767,191,160,1408,701,1134,492,240,2276,10573,383,1859,1614,-166,508,29,342,278,252,868,173,-34,59,293,2147,-66,636,165,222,130,743,2088,141,369,1456,802,592,1437,290,301,382,-95,413,-136,171,83,2281,-17,231,2143,-9,55,5455,208,1663,-49,871,6,759,129,-6,109,55,348,759,-156,392,511,3074,5779,837,4515,45,471,3629,419,3872,1122,-20,5,-34,54,616,1114,78,2,2648,183,1982,8649,-65,416,865,1099,5204,209,909,3265,-14,8670,814,1638,2106,706,278,29,4718,8219,196,1909,117,507,6590,647,805,424,514,446,441,304,64,101,305,268,3262,1114,1330,70,741,66,217,-53,128,1750,433,ALL
46,-50,1813,39,230,-1234,1297,1026,281,395,-280,2816,-161,793,563,456,250,200,979,1176,477,-563,341,1674,4578,337,535,478,-322,380,-233,7,550,333,-187,92,-345,-187,46,608,660,419,118,428,136,945,1702,244,305,1264,301,381,990,-39,-37,422,137,9,-214,26,100,503,170,35,1245,-1,-75,2495,148,988,255,546,79,331,-143,79,139,143,217,899,-517,136,535,5374,7410,705,2326,259,194,1743,624,2065,209,-4,-890,-78,111,1187,1232,137,20,2818,150,949,4273,-239,430,655,1408,2581,-433,1056,2877,131,3060,384,1254,3307,314,388,176,4110,4184,-93,1076,12,-621,4388,145,1286,517,561,2406,1976,2331,-1118,20,251,483,1810,-9,2127,114,-15,34,75,-398,84,291,-674,ALL
74,214,1178,757,231,-492,2059,1182,678,589,144,9349,178,2928,2751,589,337,289,876,1062,637,-21,313,2582,5726,318,1105,1069,-89,576,335,41,289,195,287,231,-43,67,-19,1815,429,335,241,282,-31,832,1001,96,308,2264,444,656,687,38,-98,147,86,171,-231,412,156,939,181,299,4048,38,77,8700,120,697,-171,1052,67,282,125,-45,94,-14,321,837,-251,337,499,4101,3005,719,5453,243,376,2824,453,1870,786,101,-328,24,38,1214,2013,62,-24,5308,741,2112,6199,135,393,856,1192,3633,0,864,2037,43,8149,649,1076,4057,702,584,627,6288,12968,490,1484,214,62,3232,475,1122,333,627,663,803,912,-574,43,-178,164,4646,1738,951,91,7,-65,284,-323,168,33,178,ALL
52,445,708,0,592,-575,3318,493,380,402,424,5624,393,1057,-270,1138,200,190,1487,799,860,1095,185,1260,3358,376,1468,4055,-292,491,166,286,106,144,248,-483,-251,68,-65,1585,727,382,-101,149,46,715,872,231,177,1102,426,576,582,36,27,650,87,-95,-225,-199,70,502,178,373,879,-4,124,4614,213,1390,174,682,216,1092,1181,54,5,29,225,180,-26,218,821,2427,2881,477,2295,19,127,3113,392,2771,994,74,-745,-61,80,1080,1524,84,30,2364,200,1323,310,1030,802,761,1229,522,194,269,1497,-7,8741,671,992,1585,531,1226,827,3412,1813,-49,606,234,273,2540,251,1016,338,503,443,480,541,-348,373,30,797,2141,708,1008,70,360,68,188,-524,244,1269,105,ALL
7,46,3714,302,724,-173,2003,344,458,491,353,7753,25,1056,2194,831,356,203,887,560,668,754,144,1574,8218,134,1673,1009,-173,212,150,411,62,291,912,64,-46,198,515,1192,186,707,140,273,352,402,2158,217,441,1022,432,662,1111,36,425,464,23,284,-211,627,100,7097,64,6,1147,-14,56,1487,273,2601,48,812,118,505,597,411,114,122,184,770,306,198,1122,4306,11962,934,2917,123,417,1230,342,4422,615,84,461,161,28,1051,2144,226,122,2678,3,1033,5251,-239,195,1557,1067,6400,148,601,4240,23,6410,306,1300,3367,907,369,699,4639,3627,18,1479,-4,216,6937,616,428,428,181,1286,1167,1141,252,167,597,491,3686,1188,1208,45,565,-125,117,-111,73,1183,252,ALL
22,-27,919,291,535,-84,1309,1002,973,535,-12,6745,183,2947,2578,817,622,420,522,835,539,872,33,1194,7074,233,1931,1043,-275,342,222,2682,344,208,1032,125,175,472,105,1237,262,553,265,524,193,499,844,450,425,1125,832,1096,3181,225,295,406,696,45,-235,335,80,559,123,-16,1140,-91,258,4357,203,1160,-17,666,100,503,164,-22,135,110,157,273,-200,251,833,2003,5451,1972,4595,189,418,2530,526,4818,233,1,-87,-29,95,1053,2767,189,26,2158,1012,826,11483,6,772,1171,647,5358,313,879,2105,1,9176,586,1443,3600,973,586,344,10245,4750,989,1751,35,500,3560,362,64,471,1565,4057,2635,4259,-244,127,207,265,3090,2274,1107,24,911,250,362,-124,154,1045,92,ALL
36,331,2004,509,310,-48,1485,1242,1127,418,391,5242,182,2011,1713,788,459,276,608,591,629,896,377,1584,4675,57,2007,648,-271,209,-28,1745,639,324,725,-165,43,242,233,1100,302,562,209,533,266,608,942,367,480,1074,249,564,1288,189,954,108,331,132,-269,810,86,1144,48,122,605,67,132,7540,182,2112,16,1687,84,999,307,185,26,7,115,439,137,300,865,2600,4283,870,1776,310,367,2124,497,1206,853,62,-62,24,36,1747,1495,502,158,2023,93,937,8420,-31,230,1197,1800,3598,1288,1124,3821,-28,12237,687,1281,2271,639,701,2235,8790,3115,1213,2148,43,288,3930,329,646,252,1165,4516,4451,4329,-298,274,648,223,3619,951,1502,165,216,-96,680,-120,88,7064,-52,ALL
-31,123,1934,892,561,-607,1842,409,238,507,85,7525,-37,4824,1937,434,662,179,458,548,800,492,219,1572,6619,174,1654,726,-74,474,109,121,117,272,200,-14,-22,54,195,2947,265,575,180,779,106,324,2090,302,372,1819,338,652,974,283,167,222,34,203,-235,640,108,1695,69,-42,1749,-160,-151,8791,180,1681,-85,1916,16,364,62,20,200,-22,287,579,182,210,1526,3423,4247,1312,4192,670,656,1374,246,1516,773,-74,-2,71,51,1320,1667,51,173,4112,16,1691,2266,-177,128,1415,1249,5600,-65,367,3686,-11,7156,361,1343,5083,1414,240,330,5841,11999,-60,1955,97,72,5188,710,188,346,441,1286,1529,1424,-1,216,699,252,5420,1393,1169,-87,289,502,185,-38,128,155,-152,ALL
32,-123,2532,150,787,-369,1596,493,535,568,207,7194,-94,2046,2639,524,641,281,818,569,679,329,256,2013,3351,386,1531,1953,-253,337,80,400,61,665,931,269,76,46,137,2072,240,747,143,239,253,223,1588,117,519,1058,334,552,726,352,2343,201,-24,487,-309,685,98,1479,72,-37,795,-129,142,12307,168,3505,-68,564,86,1034,100,178,32,132,228,444,138,400,749,2886,6024,703,3673,456,408,1105,725,2349,382,18,80,87,1,730,1660,86,36,2462,149,479,2362,48,143,1083,872,7477,1918,150,2943,-9,7838,721,1576,2621,1781,455,621,9981,4200,-146,1275,142,-298,4178,467,470,264,309,555,310,550,53,236,601,87,3770,1062,1551,14,1110,78,185,-31,117,1327,-61,ALL
67,51,3331,166,531,-251,2219,437,700,278,505,6747,50,997,3014,654,239,137,615,745,457,446,171,1403,2932,378,1289,1679,-46,368,-60,18,67,283,420,17,694,103,69,1878,441,392,103,290,170,505,561,111,324,1355,613,781,938,72,877,427,77,352,-138,590,197,1594,158,98,521,49,213,5433,83,1344,64,931,69,1416,257,38,77,51,194,570,209,246,853,2955,5586,860,2515,554,805,1510,386,3234,443,47,116,41,12,825,1324,7,0,1520,11,438,4824,106,177,864,841,6841,886,347,2809,24,8085,399,1630,2388,346,436,173,10026,3403,-30,980,80,-4,4029,475,591,283,385,1160,701,746,-124,177,776,173,3972,586,1750,-15,291,49,174,-83,37,283,28,ALL
39,176,1836,107,1597,-336,1279,811,506,558,-27,5972,14,1193,521,893,338,229,1281,806,546,561,229,1826,8670,329,2866,531,-172,287,16,678,205,481,374,-294,239,176,332,1758,334,638,144,332,281,296,926,594,287,888,588,582,1443,285,710,977,760,-58,-65,657,48,508,109,107,466,2,575,7369,132,2527,-71,701,176,699,745,176,100,155,380,575,2,96,502,2893,3250,777,3992,21,109,2280,403,941,510,302,-142,27,151,674,1628,105,44,3042,197,613,2372,252,163,874,752,1338,579,395,2805,54,12652,506,512,2425,1271,582,851,6421,2559,706,1052,191,75,5593,493,1141,157,767,926,983,1040,336,239,367,313,3198,1828,1405,63,605,107,111,203,287,2450,399,ALL
71,87,4594,460,1497,-413,2734,777,916,1806,210,8489,136,1735,2456,569,653,560,688,863,1627,956,412,2534,11744,276,1841,1945,-104,282,0,387,56,679,785,170,1472,353,349,3172,223,1340,196,605,563,592,1924,768,686,3629,1207,683,3187,107,2410,818,149,13,-198,392,164,1200,2,218,1355,-27,542,7216,526,4854,-44,1033,461,860,379,255,192,106,449,603,-135,530,2224,9908,6031,1487,5709,273,1046,3479,1420,3623,598,140,-114,284,36,708,3862,43,154,3994,96,1475,11886,170,216,1430,1920,8921,1240,907,6996,141,16129,767,3395,7275,1069,1114,350,10431,5632,199,2428,51,485,4410,951,769,648,927,271,298,203,226,776,361,178,10565,1946,1642,70,920,-177,289,-140,222,1537,805,ALL
199,505,2114,353,508,-578,740,1037,1012,404,-106,5169,-133,1340,3021,933,277,182,696,1643,464,-569,309,2257,7533,319,1273,1095,-510,562,-309,450,393,313,106,349,-396,0,-76,2229,1777,799,213,387,116,1161,2186,178,391,881,814,776,2098,121,47,494,15,75,-415,196,35,6273,-14,165,1816,-55,-31,6603,79,1985,-24,524,119,762,76,-29,213,-18,172,763,-85,240,782,4020,8630,1054,4027,28,292,1675,1118,3649,861,-132,-692,-81,68,1260,1642,88,45,5423,198,1353,740,-400,478,974,2589,4174,-17,1300,2753,-4,5916,589,1700,2787,102,504,217,3219,9288,1293,1467,128,-515,6154,356,1390,498,894,2272,2081,2421,-588,-41,256,390,5279,417,2622,92,-62,394,393,-190,390,690,-428,ALL
39,151,884,-68,719,-44,445,557,797,325,-73,9121,651,1034,-152,581,464,369,2207,551,79,716,303,1316,4921,440,1565,104,-339,686,2147,362,2092,283,1249,69,388,96,171,509,516,140,114,177,475,479,540,70,331,1358,791,679,2977,1801,2899,966,61,-204,-230,640,84,479,69,384,1295,58,219,-28,164,489,-25,1755,1,1122,461,73,13,175,208,908,87,196,595,1799,4061,2276,4010,122,542,1602,416,6014,519,47,89,-76,55,564,2869,343,2,2248,5830,1661,1133,403,778,1399,1129,2474,1667,1986,1358,117,6284,1602,377,7408,731,565,513,14938,707,-113,929,53,2189,8204,200,993,223,654,3274,3050,3380,560,31,528,1448,1438,2601,2718,38,1616,2090,51,149,247,4401,2451,ALL
-12,99,3650,425,1532,-293,2688,740,699,1467,-150,11208,34,2045,2203,1006,736,396,1516,1013,1690,1064,171,1594,9722,81,2472,2188,-231,646,245,1763,462,592,1554,-33,-113,386,541,2009,239,1385,141,499,488,293,3090,506,535,-50,934,908,3496,89,903,1502,7,373,-176,856,250,1968,443,-54,1131,-43,628,5653,214,2526,272,908,179,958,3077,628,255,335,400,1235,601,329,1348,5549,11146,2754,6682,424,495,1336,919,5318,1226,290,-97,167,56,1119,3860,204,164,3691,257,1088,9009,338,239,2222,1387,6203,504,283,8402,142,12719,1269,2011,4787,641,370,575,8556,6101,87,3923,145,507,8353,580,1049,517,859,2586,2068,2258,406,439,1021,462,6609,1618,1576,1,1053,163,318,115,74,2282,1931,ALL
66,149,8399,453,1697,-91,1981,1060,983,1166,359,15769,66,1994,4218,629,685,620,721,915,1211,777,262,2850,7077,634,3119,2007,-218,648,68,316,209,693,1655,48,264,349,342,2049,317,1012,199,483,631,458,2412,492,780,688,1158,1125,3860,326,2547,605,70,208,-126,948,276,5448,258,102,1187,-7,568,4830,268,3140,-91,1548,91,1279,1102,253,208,271,599,1284,-60,565,1524,5098,10196,1584,6179,1044,802,955,856,6247,765,163,56,228,125,866,4312,178,22,1700,151,1187,10965,358,518,1374,1423,9155,1619,913,5032,88,11796,1935,1890,5499,981,514,271,11688,4634,777,1794,84,1086,5374,573,1496,596,623,1119,969,1187,266,607,456,505,6622,1760,2065,34,799,-166,229,16,252,2128,395,ALL
0,170,5598,615,103,-51,798,631,706,193,85,6025,-159,1016,2815,513,142,163,736,754,533,49,230,737,3903,108,784,968,-162,301,154,167,126,208,210,-224,-153,51,92,770,377,334,54,208,145,428,1146,95,343,1373,366,430,795,153,892,454,103,-1,-337,461,103,1169,89,20,693,-34,69,1644,95,1649,38,765,117,361,126,27,43,27,213,853,348,171,638,2490,6205,598,2134,250,275,1339,368,1896,344,61,-61,21,15,1072,1616,117,49,1229,236,1002,1288,142,334,501,1930,1814,700,198,2178,-1,5736,434,1185,1768,945,238,703,6574,4896,917,1277,12,140,3821,348,682,349,360,2102,2052,2445,-102,106,631,426,2962,1025,1243,43,210,239,162,-321,111,348,43,ALL
45,130,1789,404,531,-277,1832,678,688,777,-156,9904,422,2188,935,438,322,360,901,529,471,131,113,1622,2673,358,859,678,-159,410,1036,183,245,199,668,-149,128,-23,165,911,643,146,117,322,135,479,704,129,523,2160,792,703,3367,371,900,597,-7,142,-162,134,147,2810,81,116,1313,-60,193,1671,298,1368,0,984,25,681,172,-65,110,78,232,1213,231,213,676,1427,3753,889,4550,79,880,1730,185,1924,1164,-1,11,-158,74,774,1384,101,-1,822,2525,1504,13146,-128,416,514,1232,1608,1441,478,306,65,3298,661,745,2097,435,141,623,8020,4317,-139,828,105,378,3662,218,931,353,310,988,876,751,3,2,182,190,1076,1494,1297,-2,187,-39,249,-28,130,1128,509,ALL
57,238,746,838,1154,-275,1641,839,519,1058,-89,10995,234,4227,742,299,322,606,1243,605,986,551,70,2027,8199,306,919,1952,-277,334,125,474,319,214,1675,-11,-95,157,65,767,449,235,307,205,217,501,1231,461,717,2015,811,530,2730,355,287,801,81,77,-189,105,35,2486,22,159,2352,-18,173,1327,739,1094,-6,1247,1,417,231,41,53,97,262,586,118,279,1155,3263,6570,1482,4345,163,982,3730,525,3837,894,50,83,-127,90,690,3136,26,10,4559,257,1926,10156,-189,358,1018,1310,2420,439,651,1374,166,5341,1339,1643,5088,993,345,185,8259,6517,311,1361,146,1247,2732,493,1029,502,665,519,343,499,-130,163,265,406,3102,2122,558,94,435,453,193,-21,230,1357,417,ALL
187,200,739,-54,268,-447,2627,1493,388,450,-191,3532,308,450,-533,1629,343,212,1959,1474,214,79,271,3086,6978,872,2158,507,-278,966,10476,2274,99,149,1111,-285,184,822,-85,596,1573,323,512,297,89,1441,841,87,311,666,816,1042,7113,2972,620,404,309,-118,-289,819,124,485,15,346,893,55,754,-252,187,815,138,708,16,1582,940,47,91,13,28,449,319,119,766,1238,3768,930,2857,67,119,794,678,2345,102,72,-635,-43,306,1090,2105,262,-44,2176,15202,429,6127,1179,1147,613,974,1283,1316,646,794,114,11793,1121,1180,2194,2497,626,548,16705,-2,429,353,297,531,3261,300,1641,292,1929,2165,1953,2475,225,107,866,679,1203,2702,4214,208,1355,1073,226,-21,316,7858,2224,AML
119,388,574,-38,438,-119,1113,711,672,243,-47,3002,412,383,-66,606,611,190,1218,716,514,1939,362,1683,4206,327,2115,121,-89,455,1653,2195,701,213,1132,-343,512,1137,85,370,392,125,102,221,102,559,500,170,267,53,1236,587,3717,1017,2021,167,444,-46,-211,1005,54,185,17,2328,624,203,431,297,134,516,226,3218,-17,1582,2422,53,58,31,178,65,259,59,439,967,947,1393,2695,47,310,663,422,792,237,209,406,-11,99,908,1280,1567,-21,1486,3104,314,1842,868,478,484,484,1525,1964,2997,1312,141,12352,1755,158,460,1423,717,19615,11012,412,2204,279,190,2128,6032,237,2545,151,1647,3475,4063,3605,1359,150,1092,1305,1561,1736,2558,1049,2219,6962,1561,6569,555,8859,3348,AML
374,439,-140,-73,394,183,4732,679,2238,398,-248,8761,3705,982,-653,1668,431,219,1862,1403,147,5140,480,4534,4642,2474,2655,333,-394,816,2971,478,1950,187,2378,-383,175,1050,21,558,5446,158,527,182,97,958,426,33,190,-58,5464,902,11618,3369,5527,-59,861,-1,-427,2784,34,281,60,749,388,36,2733,412,73,2510,455,5609,-16,11369,2364,90,15,21,12,172,2131,145,810,1365,4576,810,3532,226,335,1051,1519,2580,238,483,1756,-60,55,2474,2612,9600,-33,730,6506,208,1425,1537,2279,438,735,811,7616,4025,485,466,15961,7589,1393,1874,1140,2450,9994,18372,343,353,250,326,2240,8374,100,3818,173,2112,7039,6612,6268,2147,-1,4079,2694,1628,3553,8793,1304,4607,14555,989,7372,1130,11003,6218,AML
166,156,788,-79,19,193,3463,2650,826,206,-295,6779,353,1321,-669,1319,231,153,2925,1467,159,1052,289,4266,3998,308,3725,1237,-446,860,688,983,274,156,1357,-232,27,1157,13,570,1805,295,189,215,137,1054,871,53,375,-138,2088,889,1262,230,2723,184,1361,-227,-542,1462,-34,444,56,702,432,-1,1094,385,51,570,156,1098,60,2094,1315,-39,61,52,115,239,676,163,739,1568,2584,894,2626,143,176,873,885,1001,57,364,519,-205,177,1635,1644,894,-41,3719,2096,385,499,1675,754,517,749,1032,4036,494,408,164,17124,1888,395,767,1990,1636,7791,12276,272,11205,381,197,1009,10577,192,2943,119,1555,5146,7821,7035,651,31,2179,1028,1784,3255,4630,2087,1017,7238,1004,4833,1338,5849,1548,AML
115,262,2009,-49,640,-31,3559,1031,1196,291,-161,6504,457,518,-493,1196,403,235,3869,1833,165,267,219,3528,2793,354,2509,829,-450,1300,7108,1017,1225,196,1171,13,67,1083,-44,720,1141,368,465,320,235,1170,671,238,337,3256,812,1290,3088,861,2655,660,35,-236,-645,755,97,438,88,522,706,60,459,1284,281,494,276,2322,34,2598,925,-137,50,24,136,683,264,235,1119,1843,6414,1013,3186,99,606,2653,1236,2039,628,159,-296,-103,132,1591,2065,347,9,1985,12715,688,1833,657,978,1232,1255,1024,3776,385,1047,131,13059,1696,919,2856,977,1206,976,19173,306,209,671,259,549,7245,339,2535,185,1514,7380,5778,7969,595,210,1571,2680,1214,4249,7373,167,2212,12339,454,141,774,3259,3297,AML
321,353,146,-112,461,-323,3069,4068,1428,561,-451,3017,723,685,-1034,2442,266,245,2442,1836,307,1140,492,4183,2823,589,1420,363,-454,1207,13176,1999,532,153,1122,100,378,1099,-288,451,1703,110,913,307,95,1353,109,140,199,755,1009,1295,5749,2236,1096,372,253,-175,-467,982,78,1068,-48,607,736,143,1379,58,119,385,90,1460,-44,3807,2968,-53,0,29,63,153,507,165,548,936,3197,919,2787,101,25,2892,1244,3314,-44,129,-478,-174,112,1323,1917,1013,-107,1528,21147,248,2395,562,1690,190,1010,1827,2892,1397,335,66,9895,2519,648,2205,1479,1835,4108,21498,19,8072,200,100,2189,7730,59,1373,172,2693,13397,13076,13195,865,-94,702,3223,1583,1871,2771,1689,4198,3654,959,2000,443,8855,3482,AML
291,312,270,-83,437,-120,3984,1555,824,330,-122,4239,279,1276,-248,1879,270,126,2775,1845,110,1342,449,2948,5817,1136,3489,296,-333,1111,3693,727,644,80,2951,-301,465,652,31,358,539,263,330,230,66,1037,803,108,240,108,1401,823,4719,80,3061,503,91,-173,-327,630,-30,517,-29,677,302,9,748,454,115,702,126,2548,6,1561,2365,-43,34,-39,181,12,908,47,556,2271,1467,625,1751,-14,201,2473,856,989,206,380,387,28,173,1801,1219,728,-105,1647,8054,454,461,1338,1702,546,982,498,2506,1439,1126,348,10227,1907,643,624,1604,1118,13464,12406,711,6960,299,355,1112,8223,153,2402,200,1811,4300,4192,4259,953,56,2501,1674,782,3236,5587,2139,1192,1537,714,4830,1450,8518,2947,AML
185,134,1084,-16,401,-72,2219,2053,870,141,-144,3291,221,634,-560,880,156,194,1752,1122,209,509,281,2366,5407,317,1714,125,-312,966,-45,1639,245,108,1288,-745,278,262,69,379,442,226,117,177,52,365,430,125,199,48,533,651,1106,149,733,870,341,-341,-425,391,-24,459,38,670,201,57,218,2,153,521,158,194,-7,894,560,-197,48,-36,74,218,228,134,452,1082,1639,608,1928,-62,33,2229,880,1009,-16,139,-175,-120,377,1024,1108,853,-67,2195,216,391,216,565,1137,769,807,165,1221,1033,880,62,7848,743,464,680,2262,1108,1233,7855,654,15791,389,295,622,4008,19,2137,86,1406,2397,2327,2517,31,168,1885,735,490,1125,3909,1185,1243,1481,423,-312,781,3628,1050,AML
210,295,-723,21,304,-39,4460,1575,1424,298,-324,5504,1748,1023,-691,1451,273,221,1282,2165,358,3070,491,2634,4490,1159,3460,164,-364,1710,11517,1096,4851,132,3128,-456,1060,618,-113,705,2690,87,497,221,19,1248,603,68,118,500,2562,1934,5868,2670,6763,-105,1600,-235,-361,1018,112,268,-16,517,667,111,4004,455,89,426,155,7867,22,14198,2310,-253,74,-32,202,8,1087,170,506,2007,2040,630,2747,-94,651,721,2168,1444,-92,536,1191,-171,122,3084,1376,7109,-43,1885,17022,412,4451,2892,2014,404,821,1309,7884,2806,473,360,15609,4797,1069,1031,1506,2892,7955,24521,-14,2005,126,283,2801,12061,88,3965,209,1707,15351,15761,15519,2910,-73,3927,2727,1648,4647,12358,2046,5814,17863,2776,4573,970,10603,4863,AML
134,643,183,-129,256,-282,2493,1184,793,264,-384,4355,2575,724,-145,981,296,261,1036,1424,254,1649,384,1959,3763,1478,2691,172,-362,968,12979,3397,1999,171,735,-449,-3,805,-66,308,2050,183,229,297,77,1175,404,130,297,-211,1266,1121,6903,2327,1777,-81,737,44,-694,692,27,607,93,342,697,48,683,297,143,760,219,2210,-32,5692,1178,-3,52,1,4,-80,1174,105,695,802,2840,596,2436,137,312,685,792,1199,87,154,544,-85,102,1974,1863,3844,-45,1359,19361,393,1221,157,2683,407,805,852,4401,3735,186,211,15261,3199,406,1687,2099,1271,9933,21277,218,1003,190,311,812,9229,139,2539,253,2072,13348,13087,13221,1500,-53,1916,2399,528,3808,7125,753,2930,13296,1897,6759,408,8479,2612,AML
139,421,664,-126,203,-365,2401,1732,637,733,-116,2306,359,868,-128,1112,247,384,1653,1273,550,1051,369,2473,6604,333,2393,45,-320,699,5072,4465,357,242,1091,-472,74,673,-95,198,919,111,268,212,157,1338,355,139,338,367,934,1068,7061,460,108,-156,659,-109,-457,549,52,448,-37,475,721,108,536,166,163,643,4,635,-16,770,222,-133,33,36,-25,201,284,31,481,939,3589,420,1302,20,343,1322,766,1460,71,41,-255,-89,85,1084,1618,1507,-42,1291,10043,286,1294,-245,974,610,1094,1484,140,1768,680,139,12468,1015,224,1367,1504,1887,2676,20124,251,5702,275,70,756,4846,75,2286,199,1753,2374,1663,2702,-324,62,456,784,99,3594,2275,577,1060,1661,162,1569,275,1285,1671,AML
346,665,348,-38,27,-39,4133,3818,1049,318,-491,3883,1380,974,-722,529,409,192,2257,1555,176,1046,454,4892,2365,1137,2237,250,-515,1228,9620,1846,2128,164,1814,-65,146,1375,48,371,2112,225,270,200,77,1407,675,86,221,-131,1821,1495,6793,1406,2676,303,74,-191,-564,1859,92,396,48,753,802,-70,2299,120,106,391,242,2728,38,3857,2518,118,45,15,5,578,1156,130,607,1456,3281,750,2544,169,116,951,1486,1150,135,287,316,-46,15,1981,1617,3871,26,1079,13144,190,1527,633,2599,479,527,1451,4880,2185,1238,129,15832,2730,622,815,1668,2437,11036,20576,-160,9138,197,346,3266,9912,70,2442,166,1895,6628,6808,7148,2782,48,1959,2735,1683,3427,6223,1582,3223,11686,1238,6595,928,7281,5814,AML
261,563,372,-44,-20,-543,2964,3049,784,239,-360,2753,613,798,-673,414,287,168,2785,1226,168,1230,263,1886,2431,494,1949,191,-378,856,19878,1512,565,201,1615,-100,26,677,-110,128,1739,126,140,249,82,955,506,92,233,-112,1723,921,7397,581,1707,-64,28,-189,-378,1132,100,416,52,915,667,22,788,74,130,341,201,1693,-80,2397,1393,14,50,16,-2,446,510,72,474,1142,1844,860,1975,10,166,587,710,1088,48,221,490,-185,70,1593,1078,995,4,1140,20459,382,820,852,772,331,756,583,2339,1088,376,187,13818,1675,410,522,1424,1381,17279,15497,382,10171,110,211,1412,7037,64,2335,112,1339,4300,4980,5104,788,2,1617,2089,764,2120,2815,1269,1518,2745,1957,9851,593,6957,2335,AML
38,177,651,17,284,408,2211,431,1006,186,-93,5106,1166,289,-458,1453,60,129,2032,1394,495,2332,312,2442,3537,407,4850,113,-123,1022,10,1063,6377,120,1362,-349,1375,218,28,1048,850,163,473,162,-1,681,488,-29,83,14,2080,663,2601,4326,6995,108,1898,-35,-238,730,-24,180,25,-26,-13,43,313,1,64,866,381,10615,3,5308,1636,-154,-4,10,65,455,535,91,495,995,3379,643,2753,-19,480,245,1875,1599,294,299,1178,11,41,857,704,9433,-17,775,593,250,778,3599,1021,204,188,1342,3180,1704,407,229,17753,2783,563,649,1488,1558,1676,23869,460,747,139,109,4199,11229,248,541,109,801,14988,15202,14911,1902,-22,3432,1744,1439,3266,13422,892,3016,17846,1629,7213,1533,6371,2007,AML
69,785,394,-59,717,-513,4223,1622,1820,279,-54,6654,2048,1182,-856,1087,428,371,2952,1337,108,2499,446,3189,4578,579,2283,113,-397,1026,3628,781,628,119,2522,180,162,300,-158,323,4181,135,257,283,195,1359,449,127,732,1538,1731,1459,9754,1170,945,175,322,-232,-282,837,149,675,39,945,1024,124,3546,123,149,521,86,1766,-21,2574,738,-108,-1,79,112,118,1283,158,557,2027,4125,1512,1768,7,688,1633,1114,1818,109,184,-1,-51,114,1872,1688,850,-75,1320,8252,367,4537,1465,1212,929,1397,1062,2454,2867,2585,371,10910,5116,534,4118,1447,1755,13774,21043,686,9006,388,106,1465,8264,158,3568,284,1534,8256,7982,7728,3451,45,1057,1522,666,3457,5946,1233,3162,21404,1392,19568,769,7056,3870,AML
121,341,1016,-10,548,81,1853,3491,1671,347,-23,4223,221,2045,53,1406,246,45,2110,1200,310,1724,932,4908,7796,191,2268,1395,-272,1357,155,1834,3153,288,1674,-28,1934,280,159,653,512,413,438,397,257,689,1061,364,338,1234,2300,883,2380,1123,4341,659,520,-185,-424,1890,59,377,213,279,640,124,589,-218,81,2399,332,4969,76,1872,2110,-63,185,-74,258,269,-60,-17,441,1463,4525,834,2936,107,82,834,1206,1735,352,654,275,-73,475,2668,1526,2241,-14,3085,20,578,787,1392,696,400,740,626,2537,1986,2685,277,21734,2157,1234,690,2433,971,15196,1613,155,22222,282,204,2269,18426,575,1083,157,1811,2704,1867,1649,495,26,1385,855,1629,2860,6179,643,5704,10737,770,4366,629,7248,4403,AML
127,39,3282,224,209,-224,2151,958,581,249,69,2783,112,554,811,733,249,117,981,953,431,441,174,2364,7437,112,1590,292,-149,391,-69,359,619,182,456,-27,72,-29,-24,781,546,339,202,319,-134,596,1490,34,282,209,751,679,1130,159,546,137,112,-82,-339,564,49,664,54,62,911,109,459,1595,104,1869,-47,1031,-4,1178,222,-42,-12,4,269,287,77,54,406,2219,4608,406,2673,-17,62,449,459,1907,421,112,37,-42,142,958,971,187,14,2374,32,751,1997,142,446,252,701,3375,818,272,1188,-19,11855,649,1360,2626,2057,352,1767,6448,1642,2269,821,74,247,11658,439,861,177,781,4606,3360,4975,277,-42,374,217,2833,1170,768,27,646,359,511,-77,159,2057,878,AML
43,396,2989,319,182,-296,1001,1151,254,471,-69,3198,56,1194,2137,494,311,211,947,708,502,84,164,2065,6445,355,1246,587,-316,561,74,401,329,224,-84,-296,136,-74,159,862,708,496,399,342,131,782,1593,226,154,697,576,916,927,61,283,339,239,262,-270,450,-18,1060,33,270,1521,46,-131,4537,275,836,-5,478,33,543,56,-87,131,-12,221,1009,-190,272,244,2603,7622,527,2420,64,172,1205,638,1609,1359,-36,-339,-154,496,1377,1274,169,-46,3038,25,1127,2178,-226,314,903,1336,2417,33,1027,2075,118,4405,391,1060,3229,198,296,839,5598,4941,296,1297,2,90,5188,190,973,337,669,1745,1977,1910,-33,56,239,185,648,1246,1815,167,417,553,455,-2,252,1102,162,AML
200,259,149,-56,-19,-19,1483,2450,397,214,-58,2246,-23,813,-324,1385,188,13,1222,725,222,990,369,2028,2678,534,2763,37,-265,764,-58,442,888,131,2272,-202,654,110,5,381,471,196,357,117,112,782,569,39,102,-169,1100,754,1987,609,1507,269,47,-96,-304,1027,70,60,-37,192,534,-33,428,51,27,735,169,3451,-29,2547,1912,-15,19,-21,64,21,564,-49,318,1582,1012,169,1562,9,88,546,1141,438,21,226,589,-58,157,1128,711,2010,15,1428,127,398,715,37,623,373,428,851,3313,1507,2295,159,6932,1077,656,397,2812,758,28647,14092,174,9986,196,96,1079,11417,21,721,165,1147,3111,2114,2048,593,-21,1880,444,469,1662,5971,1267,2458,3168,1578,10120,827,8964,2287,AML
98,343,1394,-15,-324,105,1449,2101,1582,228,34,7266,343,995,-293,1131,108,200,1749,1233,287,250,395,2936,2070,327,2061,448,-633,726,661,370,4349,194,324,-485,686,340,-117,1149,992,129,525,27,15,1109,658,98,24,578,936,1267,1369,933,3403,15,426,-71,-352,1288,34,145,-61,346,534,86,525,80,114,717,253,2599,64,3239,1236,-166,-6,-148,86,37,395,83,367,1072,-40,340,2664,-132,-40,256,1591,998,151,213,556,-281,241,3601,673,1483,-55,1530,2132,151,744,1987,995,250,624,751,3644,1353,562,126,23494,1335,615,1696,1604,1060,2571,19612,698,14230,268,151,615,8011,173,2392,173,1656,11693,11007,12731,1307,-126,222,1020,420,1489,3913,1480,1724,14193,945,5903,646,3653,2871,AML
5,226,3983,393,122,27,2811,848,594,86,-53,6029,104,2821,3825,1225,198,226,752,866,754,688,231,981,3451,386,1987,462,-216,444,-15,378,185,170,587,22,503,-40,20,2432,322,155,127,157,45,762,724,124,91,1344,856,996,1026,-30,810,864,71,101,-447,340,27,376,40,15,950,48,218,7480,116,604,81,1019,144,899,569,-109,33,-2,30,310,218,195,625,3739,5452,338,2724,122,315,696,665,2503,739,76,208,-43,147,1357,1093,406,33,2714,-104,846,2122,147,325,589,1367,7867,648,978,4961,43,19415,508,823,2620,683,630,2724,6456,2282,2681,1087,205,241,7968,592,571,132,261,3845,3764,4524,579,106,343,147,4913,1769,2577,38,338,180,610,-33,122,4509,373,AML
31,266,953,-52,310,531,2421,5389,967,333,-109,1362,321,1233,275,1268,226,134,1037,839,769,3464,374,2908,4828,364,2312,429,-287,767,74,3819,3149,239,2296,-383,2756,139,22,618,283,412,141,183,85,1260,575,206,268,980,1620,677,1210,459,1257,12,145,44,-426,1849,71,168,93,304,371,91,507,445,84,1403,310,5048,9,1700,2710,-80,82,-45,104,471,128,11,624,1417,1237,540,1635,-12,90,834,569,1070,336,434,466,-17,502,2153,856,4177,19,2285,160,486,678,207,444,374,134,528,808,2134,2564,218,9135,1814,582,870,1755,1024,25625,7833,314,27285,461,183,1722,11576,137,723,57,880,2501,4193,3267,777,-26,1048,385,1151,1933,2442,1568,2496,2460,1046,3717,336,10449,2122,AML
130,47,1586,-80,333,-169,1824,8921,1094,231,-190,2646,-28,1283,-73,1198,208,132,4562,1101,23,1218,327,3411,4336,483,1770,439,-312,652,5864,834,329,140,2834,88,2455,407,28,266,847,422,348,212,160,756,795,125,110,1415,1046,888,2518,405,405,630,69,-19,-205,1235,69,281,60,171,1092,73,652,221,60,1638,56,645,-34,1116,2069,-127,58,58,58,218,-65,177,312,1153,3946,465,836,-49,0,1072,1124,1842,288,227,-36,-67,351,1603,1515,140,-60,1842,13968,485,346,537,509,570,1109,754,264,2373,934,151,13635,1590,838,2704,2492,1064,2297,17887,325,28390,446,175,1915,9324,201,1023,307,1263,3758,3017,3008,658,-49,1850,489,1012,2600,2776,3166,1705,123,145,2130,526,975,3186,AML
152,537,199,69,935,271,2828,562,602,356,-143,6725,727,1058,-252,2560,136,240,2641,1116,1047,1869,544,3250,5261,1466,3588,81,-407,1781,37,428,4846,250,1204,-152,3074,653,62,847,627,384,261,141,60,871,560,227,125,968,1846,1371,4276,1830,7559,83,1591,-180,-315,412,32,933,-20,847,349,48,924,-53,71,472,261,5562,113,7131,843,-162,71,-32,217,393,2543,268,593,1554,3959,905,2743,-48,55,822,1485,2409,282,600,954,-127,69,2147,746,6913,-139,1037,322,625,1276,3308,1962,729,847,1957,6083,1512,417,217,14188,1292,634,1621,604,1679,1255,28552,1742,2606,328,333,4191,8947,94,1030,187,1295,8201,14347,13265,4617,16,2801,1837,720,4346,7323,1121,3785,24178,530,5249,1605,5314,7133,AML
119,485,-467,-71,752,-284,3731,1409,1946,444,-234,8086,488,1169,-561,2871,206,217,1350,2493,1018,1161,496,4714,5155,457,3356,469,-363,3392,2931,867,5460,391,1067,-1169,2826,359,13,1133,2046,462,491,129,104,1295,776,187,117,-268,1690,1654,2381,4395,4849,266,1091,-198,-385,828,-44,558,-19,443,832,0,1318,106,119,934,128,7864,87,9980,993,-310,76,64,544,233,2430,214,637,1598,2686,586,3285,0,37,883,1537,2122,5,819,942,-55,331,2513,1057,7807,26,1716,9612,745,1863,6155,2063,757,814,1152,10265,962,537,256,18230,1756,1097,1427,1126,1926,2270,21048,351,5895,253,250,3418,10649,74,2502,233,1476,7528,7392,7202,3654,-130,2444,2686,1453,4514,6215,2767,6008,19680,1083,7924,1883,5178,5949,AML
276,1266,-672,-233,422,-775,5069,1615,2201,140,-75,2846,997,1379,-984,4245,154,124,4695,2415,249,856,450,4299,7260,1054,3085,694,-645,1992,73,778,422,92,2583,-309,932,1116,200,487,1512,273,287,-67,67,799,534,130,276,666,1371,1249,3334,295,2591,569,2157,-360,-794,371,-10,710,-16,1504,818,16,1130,-27,54,1108,138,539,113,734,4985,-336,119,21,130,309,2651,257,501,3494,761,252,1740,-70,-48,2708,1705,1594,195,124,184,-168,531,2903,1057,658,21,1661,2667,878,2152,1089,1580,940,759,227,2076,984,3201,54,24106,932,867,680,1350,1740,2914,6316,1070,3917,450,455,2133,9298,51,3190,216,3220,688,891,1097,1979,-140,2719,1499,986,2803,11451,1415,1819,3293,664,2705,2204,6311,4174,AML
43,-7,1357,13,40,-7,1476,908,786,204,-232,8150,577,628,-248,851,191,197,1980,598,43,1208,317,2216,4428,617,3072,115,-333,540,2964,1343,675,95,870,-70,1199,386,67,540,1494,179,145,189,-27,597,409,52,133,995,908,789,2107,431,2071,253,129,-84,-263,651,-84,351,14,407,440,37,339,-170,-1,850,64,3152,-17,2052,2372,11,-25,117,105,-14,158,37,530,1084,227,216,2440,-43,222,682,965,2001,220,203,499,-35,157,769,1113,1347,-30,1856,7229,588,2752,1336,345,290,546,456,1889,616,427,116,17819,1762,540,1478,1439,678,4561,22494,301,17371,375,218,1474,9004,198,2349,185,610,2789,2906,2703,243,-99,1023,716,614,2631,2172,1550,1717,12735,564,4667,560,5086,2194,AML
-15,154,997,10,365,-91,930,310,693,226,30,6220,241,306,308,443,302,193,343,545,228,2164,128,895,4446,258,2086,158,-104,608,130,715,195,210,354,-180,-73,217,6,452,284,362,204,195,178,389,828,86,421,904,925,423,1084,180,1664,180,693,-115,-265,430,43,399,-78,139,625,160,41,249,123,1862,-4,849,67,547,1012,86,49,0,217,408,160,78,991,2175,1221,721,1832,47,402,441,260,1177,230,36,15,-56,89,893,1816,106,34,1306,621,669,1356,562,226,754,665,836,1206,469,834,36,4709,1397,1397,819,2340,219,380,8252,623,228,528,65,549,6900,226,775,115,749,1208,945,1260,-171,17,447,460,2284,960,1775,163,1095,2103,86,-189,341,3340,543,AML
